requested_time,route,direction,stop_name,eta,delayed
1453727017,Blue,5,Damen,19.0,0
1453727101,Blue,5,Damen,5.5 to 10.0,0
1453727257,Blue,5,Damen,5.5 to 10.0,0
1453727612,Blue,5,Damen,10.0 to 14.5,0
1453727914,Blue,5,Damen,19.0,0
1453728000,Blue,5,Damen,5.5 to 10.0,0
1453728118,Blue,5,Damen,5.5 to 10.0,0
1453728536,Blue,5,Damen,10.0 to 14.5,0
1453728823,Blue,5,Damen,19.0,0
1453728866,Blue,5,Damen,5.5 to 10.0,0
1453729117,Blue,5,Damen,5.5 to 10.0,0
1453729287,Blue,5,Damen,10.0 to 14.5,0
1453729476,Blue,5,Damen,14.5 to 19.0,0
1453729850,Blue,5,Damen,5.5 to 10.0,0
1453730094,Blue,5,Damen,10.0,0
1453730202,Blue,5,Damen,10.0 to 14.5,0
1453730439,Blue,5,Damen,1.0,0
1453730551,Blue,5,Damen,1.0 to 5.5,0
1453731399,Blue,5,Damen,1.0 to 5.5,0
1453731592,Blue,5,Damen,1.0 to 5.5,0
1453731715,Blue,5,Damen,5.5 to 10.0,0
1453732406,Blue,5,Damen,1.0 to 5.5,0
1453732693,Blue,5,Damen,5.5 to 10.0,0
1453732918,Blue,5,Damen,10.0 to 14.5,0
1453733078,Blue,5,Damen,14.5 to 19.0,0
1453733154,Blue,5,Damen,1.0,0
1453733403,Blue,5,Damen,5.5 to 10.0,0
1453733504,Blue,5,Damen,5.5 to 10.0,0
1453734148,Blue,5,Damen,1.0 to 5.5,0
1453734322,Blue,5,Damen,5.5 to 10.0,0
1453734482,Blue,5,Damen,5.5 to 10.0,0
1453734733,Blue,5,Damen,10.0 to 14.5,0
1453735033,Blue,5,Damen,14.5 to 19.0,0
1453735051,Blue,5,Damen,1.0 to 5.5,0
1453735296,Blue,5,Damen,5.5 to 10.0,0
1453735528,Blue,5,Damen,10.0 to 14.5,0
1453735959,Blue,5,Damen,14.5 to 19.0,0
1453736086,Blue,5,Damen,5.5 to 10.0,0
1453736616,Blue,5,Damen,10.0 to 14.5,0
1453736858,Blue,5,Damen,14.5 to 19.0,0
1453736856,Blue,5,Damen,1.0 to 5.5,0
1453737029,Blue,5,Damen,5.5 to 10.0,0
1453737331,Blue,5,Damen,10.0 to 14.5,0
1453737737,Blue,5,Damen,14.5 to 19.0,0
1453737999,Blue,5,Damen,5.5 to 10.0,0
1453738417,Blue,5,Damen,10.0 to 14.5,0
1453738563,Blue,5,Damen,1.0 to 5.5,0
1453739019,Blue,5,Damen,5.5 to 10.0,0
1453739696,Blue,5,Damen,5.5 to 10.0,0
1453740494,Blue,5,Damen,19.0,0
1453740507,Blue,5,Damen,1.0 to 5.5,0
1453741052,Blue,5,Damen,10.0 to 14.5,0
1453741559,Blue,5,Damen,5.5 to 10.0,0
1453742215,Blue,5,Damen,14.5 to 19.0,0
1453742318,Blue,5,Damen,1.0 to 5.5,0
1453742496,Blue,5,Damen,5.5 to 10.0,0
1453743389,Blue,5,Damen,5.5 to 10.0,0
1453744107,Blue,5,Damen,19.0,0
1453744218,Blue,5,Damen,5.5 to 10.0,0
1453744497,Blue,5,Damen,10.0,0
1453813278,Blue,5,Damen,14.5 to 19.0,0
1453813294,Blue,5,Damen,1.0 to 5.5,0
1453813696,Blue,5,Damen,5.5 to 10.0,0
1453814015,Blue,5,Damen,10.0 to 14.5,0
1453814320,Blue,5,Damen,19.0,0
1453814427,Blue,5,Damen,5.5 to 10.0,0
1453814557,Blue,5,Damen,5.5 to 10.0,0
1453814850,Blue,5,Damen,10.0 to 14.5,0
1453815142,Blue,5,Damen,14.5 to 19.0,0
1453815076,Blue,5,Damen,1.0 to 5.5,0
1453815515,Blue,5,Damen,5.5 to 10.0,0
1453815611,Blue,5,Damen,10.0 to 14.5,0
1453815876,Blue,5,Damen,14.5 to 19.0,0
1453816058,Blue,5,Damen,14.5 to 19.0,0
1453816189,Blue,5,Damen,1.0 to 5.5,0
1453816377,Blue,5,Damen,5.5 to 10.0,0
1453816546,Blue,5,Damen,10.0 to 14.5,0
1453816838,Blue,5,Damen,1.0,0
1453817110,Blue,5,Damen,5.5 to 10.0,0
1453817298,Blue,5,Damen,5.5 to 10.0,0
1453817737,Blue,5,Damen,1.0,0
1453817971,Blue,5,Damen,1.0 to 5.5,0
1453818182,Blue,5,Damen,5.5 to 10.0,0
1453818693,Blue,5,Damen,1.0 to 5.5,0
1453819053,Blue,5,Damen,5.5 to 10.0,0
1453819584,Blue,5,Damen,14.5 to 19.0,0
1453819715,Blue,5,Damen,1.0 to 5.5,0
1453819899,Blue,5,Damen,5.5 to 10.0,0
1453820039,Blue,5,Damen,10.0 to 14.5,0
1453820096,Blue,5,Damen,10.0 to 14.5,0
1453820438,Blue,5,Damen,1.0,0
1453820733,Blue,5,Damen,5.5 to 10.0,0
1453820892,Blue,5,Damen,5.5 to 10.0,0
1453821126,Blue,5,Damen,10.0 to 14.5,0
1453821339,Blue,5,Damen,14.5 to 19.0,0
1453821636,Blue,5,Damen,5.5 to 10.0,0
1453821861,Blue,5,Damen,10.0,0
1453822357,Blue,5,Damen,14.5 to 19.0,0
1453822412,Blue,5,Damen,1.0 to 5.5,0
1453822710,Blue,5,Damen,5.5 to 10.0,0
1453823301,Blue,5,Damen,19.0,0
1453823554,Blue,5,Damen,5.5 to 10.0,0
1453823649,Blue,5,Damen,10.0,0
1453824215,Blue,5,Damen,19.0,0
1453824512,Blue,5,Damen,5.5 to 10.0,0
1453824712,Blue,5,Damen,10.0 to 14.5,0
1453825412,Blue,5,Damen,5.5 to 10.0,0
1453826019,Blue,5,Damen,19.0,0
1453826176,Blue,5,Damen,5.5 to 10.0,0
1453826560,Blue,5,Damen,10.0 to 14.5,0
1453827154,Blue,5,Damen,5.5 to 10.0,0
1453827385,Blue,5,Damen,10.0 to 14.5,0
1453828079,Blue,5,Damen,5.5 to 10.0,0
1453828476,Blue,5,Damen,14.5 to 19.0,0
1453829217,Blue,5,Damen,10.0 to 14.5,0
1453830120,Blue,5,Damen,23.5 to 28.0,0
1453829711,Blue,5,Damen,5.5 to 10.0,0
1453830269,Blue,5,Damen,14.5 to 19.0,0
1453830327,Blue,5,Damen,1.0,0
1453830997,Blue,5,Damen,10.0 to 14.5,0
1453899717,Blue,5,Damen,14.5 to 19.0,0
1453899676,Blue,5,Damen,1.0 to 5.5,0
1453900094,Blue,5,Damen,5.5 to 10.0,0
1453900477,Blue,5,Damen,14.5 to 19.0,0
1453900656,Blue,5,Damen,14.5 to 19.0,0
1453900654,Blue,5,Damen,1.0 to 5.5,0
1453901017,Blue,5,Damen,5.5 to 10.0,0
1453901311,Blue,5,Damen,10.0 to 14.5,0
1453901606,Blue,5,Damen,19.0,0
1453901670,Blue,5,Damen,1.0 to 5.5,0
1453901901,Blue,5,Damen,5.5 to 10.0,0
1453902177,Blue,5,Damen,10.0 to 14.5,0
1453902332,Blue,5,Damen,14.5 to 19.0,0
1453902518,Blue,5,Damen,19.0,0
1453902513,Blue,5,Damen,1.0 to 5.5,0
1453902759,Blue,5,Damen,5.5 to 10.0,0
1453902933,Blue,5,Damen,10.0 to 14.5,0
1453903057,Blue,5,Damen,10.0 to 14.5,0
1453903254,Blue,5,Damen,1.0,0
1453903479,Blue,5,Damen,1.0 to 5.5,0
1453903619,Blue,5,Damen,5.5 to 10.0,0
1453903909,Blue,5,Damen,10.0 to 14.5,0
1453904207,Blue,5,Damen,1.0 to 5.5,0
1453904451,Blue,5,Damen,5.5 to 10.0,0
1453904758,Blue,5,Damen,10.0 to 14.5,0
1453904931,Blue,5,Damen,10.0 to 14.5,0
1453905044,Blue,5,Damen,1.0,0
1453905238,Blue,5,Damen,1.0 to 5.5,0
1453905586,Blue,5,Damen,10.0,0
1453905778,Blue,5,Damen,10.0 to 14.5,0
1453906145,Blue,5,Damen,1.0 to 5.5,0
1453906277,Blue,5,Damen,5.5 to 10.0,0
1453906360,Blue,5,Damen,5.5 to 10.0,0
1453906533,Blue,5,Damen,10.0 to 14.5,0
1453907259,Blue,5,Damen,5.5 to 10.0,0
1453907377,Blue,5,Damen,10.0,0
1453907471,Blue,5,Damen,10.0 to 14.5,0
1453907731,Blue,5,Damen,14.5 to 19.0,0
1453907739,Blue,5,Damen,1.0,0
1453908039,Blue,5,Damen,5.5 to 10.0,0
1453908272,Blue,5,Damen,10.0,0
1453908696,Blue,5,Damen,14.5 to 19.0,0
1453908691,Blue,5,Damen,1.0 to 5.5,0
1453909286,Blue,5,Damen,10.0 to 14.5,0
1453909899,Blue,5,Damen,5.5 to 10.0,0
1453910364,Blue,5,Damen,14.5 to 19.0,0
1453910615,Blue,5,Damen,19.0,0
1453910426,Blue,5,Damen,1.0,0
1453910796,Blue,5,Damen,5.5 to 10.0,0
1453911269,Blue,5,Damen,14.5 to 19.0,0
1453911338,Blue,5,Damen,1.0,0
1453911937,Blue,5,Damen,10.0 to 14.5,0
1453912651,Blue,5,Damen,5.5 to 10.0,0
1453913294,Blue,5,Damen,19.0,0
1453913405,Blue,5,Damen,5.5 to 10.0,0
1453913736,Blue,5,Damen,10.0 to 14.5,0
1453914718,Blue,5,Damen,10.0 to 14.5,0
1453915073,Blue,5,Damen,14.5 to 19.0,0
1453915113,Blue,5,Damen,1.0 to 5.5,0
1453915658,Blue,5,Damen,10.0 to 14.5,0
1453916179,Blue,5,Damen,5.5 to 10.0,0
1453916605,Blue,5,Damen,10.0 to 14.5,0
1453917297,Blue,5,Damen,10.0,0
1453986057,Blue,5,Damen,14.5 to 19.0,0
1453986033,Blue,5,Damen,1.0,0
1453986398,Blue,5,Damen,5.5 to 10.0,0
1453986814,Blue,5,Damen,10.0 to 14.5,0
1453986990,Blue,5,Damen,14.5 to 19.0,0
1453986965,Blue,5,Damen,1.0 to 5.5,0
1453987354,Blue,5,Damen,5.5 to 10.0,0
1453987712,Blue,5,Damen,10.0 to 14.5,0
1453987934,Blue,5,Damen,14.5 to 19.0,0
1453987857,Blue,5,Damen,1.0,0
1453988151,Blue,5,Damen,5.5 to 10.0,0
1453988478,Blue,5,Damen,10.0 to 14.5,0
1453988692,Blue,5,Damen,14.5 to 19.0,0
1453988774,Blue,5,Damen,1.0 to 5.5,0
1453988994,Blue,5,Damen,1.0 to 5.5,0
1453989233,Blue,5,Damen,5.5 to 10.0,0
1453989465,Blue,5,Damen,10.0 to 14.5,0
1453989930,Blue,5,Damen,5.5 to 10.0,0
1453990080,Blue,5,Damen,5.5 to 10.0,0
1453990567,Blue,5,Damen,1.0 to 5.5,0
1453991514,Blue,5,Damen,1.0 to 5.5,0
1453991739,Blue,5,Damen,5.5 to 10.0,0
1453991965,Blue,5,Damen,10.0,0
1453992209,Blue,5,Damen,10.0 to 14.5,0
1453992420,Blue,5,Damen,14.5 to 19.0,0
1453992337,Blue,5,Damen,1.0,0
1453992512,Blue,5,Damen,1.0 to 5.5,0
1453992693,Blue,5,Damen,5.5 to 10.0,0
1453992995,Blue,5,Damen,10.0 to 14.5,0
1453993416,Blue,5,Damen,19.0,0
1453993348,Blue,5,Damen,1.0 to 5.5,0
1453993515,Blue,5,Damen,5.5 to 10.0,0
1453993690,Blue,5,Damen,5.5 to 10.0,0
1453994012,Blue,5,Damen,10.0 to 14.5,0
1453994431,Blue,5,Damen,5.5 to 10.0,0
1453994978,Blue,5,Damen,14.5 to 19.0,0
1453995132,Blue,5,Damen,14.5 to 19.0,0
1453995307,Blue,5,Damen,5.5 to 10.0,0
1453995393,Blue,5,Damen,5.5 to 10.0,0
1453995697,Blue,5,Damen,10.0 to 14.5,0
1453996109,Blue,5,Damen,19.0,0
1453996415,Blue,5,Damen,5.5 to 10.0,0
1453996454,Blue,5,Damen,10.0 to 14.5,0
1453996872,Blue,5,Damen,1.0 to 5.5,0
1453997200,Blue,5,Damen,5.5 to 10.0,0
1453997737,Blue,5,Damen,14.5 to 19.0,0
1453997752,Blue,5,Damen,1.0 to 5.5,0
1453998347,Blue,5,Damen,10.0 to 14.5,0
1453999004,Blue,5,Damen,5.5 to 10.0,0
1453999314,Blue,5,Damen,10.0 to 14.5,0
1453999550,Blue,5,Damen,14.5 to 19.0,0
1453999580,Blue,5,Damen,1.0 to 5.5,0
1454000013,Blue,5,Damen,5.5 to 10.0,0
1454000772,Blue,5,Damen,5.5 to 10.0,0
1454001365,Blue,5,Damen,14.5 to 19.0,0
1454001396,Blue,5,Damen,1.0 to 5.5,0
1454001832,Blue,5,Damen,5.5 to 10.0,0
1454002415,Blue,5,Damen,1.0 to 5.5,0
1454003134,Blue,5,Damen,14.5 to 19.0,0
1454003130,Blue,5,Damen,1.0,0
1454003697,Blue,5,Damen,10.0 to 14.5,0
1454072483,Blue,5,Damen,14.5 to 19.0,0
1454072431,Blue,5,Damen,1.0,0
1454072854,Blue,5,Damen,5.5 to 10.0,0
1454073331,Blue,5,Damen,14.5 to 19.0,0
1454073514,Blue,5,Damen,19.0,0
1454073503,Blue,5,Damen,1.0 to 5.5,0
1454073673,Blue,5,Damen,5.5 to 10.0,0
1454074058,Blue,5,Damen,10.0 to 14.5,0
1454074418,Blue,5,Damen,19.0,0
1454074364,Blue,5,Damen,1.0 to 5.5,0
1454074548,Blue,5,Damen,5.5 to 10.0,0
1454074974,Blue,5,Damen,10.0 to 14.5,0
1454075160,Blue,5,Damen,14.5 to 19.0,0
1454075322,Blue,5,Damen,19.0,0
1454075215,Blue,5,Damen,1.0 to 5.5,0
1454075335,Blue,5,Damen,1.0 to 5.5,0
1454075477,Blue,5,Damen,5.5 to 10.0,0
1454075697,Blue,5,Damen,10.0,0
1454076154,Blue,5,Damen,1.0 to 5.5,0
1454076369,Blue,5,Damen,5.5 to 10.0,0
1454076727,Blue,5,Damen,10.0 to 14.5,0
1454076956,Blue,5,Damen,1.0 to 5.5,0
1454077290,Blue,5,Damen,5.5 to 10.0,0
1454077871,Blue,5,Damen,1.0 to 5.5,0
1454078096,Blue,5,Damen,1.0 to 5.5,0
1454078272,Blue,5,Damen,5.5 to 10.0,0
1454078567,Blue,5,Damen,10.0 to 14.5,0
1454078861,Blue,5,Damen,14.5 to 19.0,0
1454078788,Blue,5,Damen,1.0 to 5.5,0
1454079019,Blue,5,Damen,5.5 to 10.0,0
1454079269,Blue,5,Damen,10.0,0
1454079556,Blue,5,Damen,14.5 to 19.0,0
1454079930,Blue,5,Damen,5.5 to 10.0,0
1454080416,Blue,5,Damen,10.0 to 14.5,0
1454080534,Blue,5,Damen,14.5 to 19.0,0
1454080532,Blue,5,Damen,1.0,0
1454080771,Blue,5,Damen,1.0 to 5.5,0
1454081193,Blue,5,Damen,10.0 to 14.5,0
1454081630,Blue,5,Damen,1.0 to 5.5,0
1454082055,Blue,5,Damen,10.0 to 14.5,0
1454082717,Blue,5,Damen,5.5 to 10.0,0
1454083019,Blue,5,Damen,10.0 to 14.5,0
1454083674,Blue,5,Damen,5.5 to 10.0,0
1454084134,Blue,5,Damen,14.5 to 19.0,0
1454084198,Blue,5,Damen,1.0 to 5.5,0
1454084732,Blue,5,Damen,10.0 to 14.5,0
1454085323,Blue,5,Damen,5.5 to 10.0,0
1454086055,Blue,5,Damen,14.5 to 19.0,0
1454086059,Blue,5,Damen,1.0 to 5.5,0
1454086600,Blue,5,Damen,10.0 to 14.5,0
1454087373,Blue,5,Damen,10.0,0
1454088160,Blue,5,Damen,19.0 to 23.5,0
1454087973,Blue,5,Damen,1.0 to 5.5,0
1454088433,Blue,5,Damen,10.0 to 14.5,0
1454088757,Blue,5,Damen,14.5 to 19.0,0
1454088717,Blue,5,Damen,1.0 to 5.5,0
1454089311,Blue,5,Damen,10.0 to 14.5,0
1454090075,Blue,5,Damen,10.0,0
1454158990,Blue,5,Damen,19.0,0
1454159529,Blue,5,Damen,14.5 to 19.0,0
1454160100,Blue,5,Damen,19.0 to 23.5,0
1454159911,Blue,5,Damen,1.0 to 5.5,0
1454160153,Blue,5,Damen,5.5 to 10.0,0
1454160691,Blue,5,Damen,14.5 to 19.0,0
1454161111,Blue,5,Damen,5.5 to 10.0,0
1454161596,Blue,5,Damen,14.5 to 19.0,0
1454161577,Blue,5,Damen,1.0 to 5.5,0
1454162079,Blue,5,Damen,10.0,0
1454162496,Blue,5,Damen,14.5 to 19.0,0
1454162884,Blue,5,Damen,5.5 to 10.0,0
1454163445,Blue,5,Damen,14.5 to 19.0,0
1454163873,Blue,5,Damen,10.0,0
1454164243,Blue,5,Damen,14.5 to 19.0,0
1454164516,Blue,5,Damen,5.5 to 10.0,0
1454165016,Blue,5,Damen,10.0 to 14.5,0
1454165315,Blue,5,Damen,1.0 to 5.5,0
1454165715,Blue,5,Damen,10.0 to 14.5,0
1454166068,Blue,5,Damen,14.5 to 19.0,0
1454166385,Blue,5,Damen,5.5 to 10.0,0
1454166734,Blue,5,Damen,10.0 to 14.5,0
1454167235,Blue,5,Damen,5.5 to 10.0,0
1454167521,Blue,5,Damen,10.0 to 14.5,0
1454167951,Blue,5,Damen,14.5 to 19.0,0
1454168013,Blue,5,Damen,1.0 to 5.5,0
1454168160,Blue,5,Damen,5.5 to 10.0,0
1454168613,Blue,5,Damen,10.0 to 14.5,0
1454169096,Blue,5,Damen,5.5 to 10.0,0
1454169398,Blue,5,Damen,10.0 to 14.5,0
1454169679,Blue,5,Damen,14.5 to 19.0,0
1454170075,Blue,5,Damen,5.5 to 10.0,0
1454170354,Blue,5,Damen,10.0 to 14.5,0
1454170748,Blue,5,Damen,1.0 to 5.5,0
1454171197,Blue,5,Damen,10.0 to 14.5,0
1454171618,Blue,5,Damen,19.0,0
1454171604,Blue,5,Damen,1.0 to 5.5,0
1454171915,Blue,5,Damen,5.5 to 10.0,0
1454172259,Blue,5,Damen,14.5 to 19.0,0
1454172519,Blue,5,Damen,1.0 to 5.5,0
1454172992,Blue,5,Damen,10.0 to 14.5,0
1454173278,Blue,5,Damen,14.5 to 19.0,0
1454173658,Blue,5,Damen,5.5 to 10.0,0
1454173959,Blue,5,Damen,10.0 to 14.5,0
1454174309,Blue,5,Damen,19.0,0
1454174218,Blue,5,Damen,1.0 to 5.5,0
1454174698,Blue,5,Damen,10.0,0
1454175144,Blue,5,Damen,14.5 to 19.0,0
1454175109,Blue,5,Damen,1.0 to 5.5,0
1454175448,Blue,5,Damen,5.5 to 10.0,0
1454175747,Blue,5,Damen,10.0 to 14.5,0
1454176114,Blue,5,Damen,1.0 to 5.5,0
1454176633,Blue,5,Damen,10.0 to 14.5,0
1454245660,Blue,5,Damen,19.0 to 23.5,0
1454245819,Blue,5,Damen,10.0 to 14.5,0
1454246380,Blue,5,Damen,19.0 to 23.5,0
1454246498,Blue,5,Damen,5.5 to 10.0,0
1454247078,Blue,5,Damen,14.5 to 19.0,0
1454247817,Blue,5,Damen,10.0 to 14.5,0
1454248540,Blue,5,Damen,23.5 to 28.0,0
1454248471,Blue,5,Damen,10.0,0
1454249260,Blue,5,Damen,19.0 to 23.5,0
1454249077,Blue,5,Damen,1.0 to 5.5,0
1454249908,Blue,5,Damen,19.0,0
1454249952,Blue,5,Damen,1.0 to 5.5,0
1454250797,Blue,5,Damen,19.0,0
1454250806,Blue,5,Damen,1.0 to 5.5,0
1454251231,Blue,5,Damen,10.0 to 14.5,0
1454251896,Blue,5,Damen,5.5 to 10.0,0
1454252376,Blue,5,Damen,14.5 to 19.0,0
1454252501,Blue,5,Damen,1.0 to 5.5,0
1454253080,Blue,5,Damen,10.0 to 14.5,0
1454253937,Blue,5,Damen,10.0 to 14.5,0
1454254298,Blue,5,Damen,14.5 to 19.0,0
1454254338,Blue,5,Damen,1.0 to 5.5,0
1454254838,Blue,5,Damen,10.0 to 14.5,0
1454255251,Blue,5,Damen,14.5 to 19.0,0
1454255256,Blue,5,Damen,1.0 to 5.5,0
1454255599,Blue,5,Damen,5.5 to 10.0,0
1454256148,Blue,5,Damen,14.5 to 19.0,0
1454256095,Blue,5,Damen,1.0 to 5.5,0
1454256575,Blue,5,Damen,10.0,0
1454256996,Blue,5,Damen,14.5 to 19.0,0
1454257351,Blue,5,Damen,5.5 to 10.0,0
1454257896,Blue,5,Damen,14.5 to 19.0,0
1454258371,Blue,5,Damen,10.0,0
1454258788,Blue,5,Damen,14.5 to 19.0,0
1454259195,Blue,5,Damen,5.5 to 10.0,0
1454259637,Blue,5,Damen,14.5 to 19.0,0
1454260086,Blue,5,Damen,5.5 to 10.0,0
1454260571,Blue,5,Damen,14.5 to 19.0,0
1454261013,Blue,5,Damen,5.5 to 10.0,0
1454261494,Blue,5,Damen,14.5 to 19.0,0
1454261727,Blue,5,Damen,5.5 to 10.0,0
1454262215,Blue,5,Damen,10.0 to 14.5,0
1454262512,Blue,5,Damen,19.0,0
1454262548,Blue,5,Damen,1.0 to 5.5,0
1454262877,Blue,5,Damen,10.0,0
1454331814,Blue,5,Damen,19.0,0
1454331779,Blue,5,Damen,1.0 to 5.5,0
1454332017,Blue,5,Damen,5.5 to 10.0,0
1454332371,Blue,5,Damen,10.0 to 14.5,0
1454332679,Blue,5,Damen,14.5 to 19.0,0
1454332711,Blue,5,Damen,1.0 to 5.5,0
1454333002,Blue,5,Damen,5.5 to 10.0,0
1454333257,Blue,5,Damen,10.0 to 14.5,0
1454333496,Blue,5,Damen,14.5 to 19.0,0
1454333499,Blue,5,Damen,1.0 to 5.5,0
1454333745,Blue,5,Damen,5.5 to 10.0,0
1454334109,Blue,5,Damen,10.0 to 14.5,0
1454334235,Blue,5,Damen,10.0 to 14.5,0
1454334476,Blue,5,Damen,14.5 to 19.0,0
1454334518,Blue,5,Damen,1.0 to 5.5,0
1454334819,Blue,5,Damen,5.5 to 10.0,0
1454334989,Blue,5,Damen,10.0 to 14.5,0
1454335179,Blue,5,Damen,14.5 to 19.0,0
1454335358,Blue,5,Damen,14.5 to 19.0,0
1454335295,Blue,5,Damen,1.0 to 5.5,0
1454335532,Blue,5,Damen,5.5 to 10.0,0
1454336971,Blue,5,Damen,1.0,0
1454337147,Blue,5,Damen,1.0 to 5.5,0
1454337213,Blue,5,Damen,1.0 to 5.5,0
1454337387,Blue,5,Damen,5.5 to 10.0,0
1454338105,Blue,5,Damen,1.0 to 5.5,0
1454338325,Blue,5,Damen,5.5 to 10.0,0
1454338837,Blue,5,Damen,14.5 to 19.0,0
1454338886,Blue,5,Damen,1.0 to 5.5,0
1454339186,Blue,5,Damen,5.5 to 10.0,0
1454339387,Blue,5,Damen,10.0,0
1454339697,Blue,5,Damen,14.5 to 19.0,0
1454340191,Blue,5,Damen,5.5 to 10.0,0
1454340456,Blue,5,Damen,10.0 to 14.5,0
1454340818,Blue,5,Damen,19.0,0
1454340822,Blue,5,Damen,1.0 to 5.5,0
1454340925,Blue,5,Damen,5.5 to 10.0,0
1454341668,Blue,5,Damen,14.5 to 19.0,0
1454341833,Blue,5,Damen,5.5 to 10.0,0
1454342011,Blue,5,Damen,5.5 to 10.0,0
1454342551,Blue,5,Damen,14.5 to 19.0,0
1454342766,Blue,5,Damen,5.5 to 10.0,0
1454343143,Blue,5,Damen,10.0 to 14.5,0
1454343836,Blue,5,Damen,5.5 to 10.0,0
1454344258,Blue,5,Damen,14.5 to 19.0,0
1454344274,Blue,5,Damen,1.0 to 5.5,0
1454345136,Blue,5,Damen,14.5 to 19.0,0
1454345370,Blue,5,Damen,1.0 to 5.5,0
1454345556,Blue,5,Damen,5.5 to 10.0,0
1454346209,Blue,5,Damen,19.0,0
1454346383,Blue,5,Damen,5.5 to 10.0,0
1454346760,Blue,5,Damen,10.0 to 14.5,0
1454347350,Blue,5,Damen,5.5 to 10.0,0
1454347651,Blue,5,Damen,10.0 to 14.5,0
1454348180,Blue,5,Damen,5.5 to 10.0,0
1454348673,Blue,5,Damen,14.5 to 19.0,0
1454348737,Blue,5,Damen,1.0,0
1454418036,Blue,5,Damen,14.5 to 19.0,0
1454418457,Blue,5,Damen,5.5 to 10.0,0
1454418931,Blue,5,Damen,14.5 to 19.0,0
1454419111,Blue,5,Damen,19.0,0
1454419090,Blue,5,Damen,1.0 to 5.5,0
1454419294,Blue,5,Damen,5.5 to 10.0,0
1454419800,Blue,5,Damen,14.5 to 19.0,0
1454420015,Blue,5,Damen,19.0,0
1454419915,Blue,5,Damen,1.0 to 5.5,0
1454420278,Blue,5,Damen,5.5 to 10.0,0
1454420577,Blue,5,Damen,10.0 to 14.5,0
1454420877,Blue,5,Damen,19.0,0
1454420994,Blue,5,Damen,1.0 to 5.5,0
1454421114,Blue,5,Damen,5.5 to 10.0,0
1454421268,Blue,5,Damen,10.0,0
1454421616,Blue,5,Damen,1.0,0
1454421805,Blue,5,Damen,1.0 to 5.5,0
1454422169,Blue,5,Damen,10.0,0
1454422359,Blue,5,Damen,10.0 to 14.5,0
1454422528,Blue,5,Damen,1.0,0
1454422658,Blue,5,Damen,1.0 to 5.5,0
1454422775,Blue,5,Damen,1.0 to 5.5,0
1454423194,Blue,5,Damen,10.0 to 14.5,0
1454423558,Blue,5,Damen,1.0 to 5.5,0
1454423736,Blue,5,Damen,5.5 to 10.0,0
1454423974,Blue,5,Damen,10.0,0
1454424156,Blue,5,Damen,10.0 to 14.5,0
1454424338,Blue,5,Damen,14.5 to 19.0,0
1454424481,Blue,5,Damen,1.0 to 5.5,0
1454424680,Blue,5,Damen,5.5 to 10.0,0
1454425052,Blue,5,Damen,10.0 to 14.5,0
1454425237,Blue,5,Damen,14.5 to 19.0,0
1454425408,Blue,5,Damen,1.0 to 5.5,0
1454425538,Blue,5,Damen,5.5 to 10.0,0
1454425836,Blue,5,Damen,10.0 to 14.5,0
1454426196,Blue,5,Damen,14.5 to 19.0,0
1454426317,Blue,5,Damen,1.0 to 5.5,0
1454426725,Blue,5,Damen,10.0 to 14.5,0
1454427185,Blue,5,Damen,19.0,0
1454427271,Blue,5,Damen,1.0 to 5.5,0
1454427605,Blue,5,Damen,10.0 to 14.5,0
1454428255,Blue,5,Damen,5.5 to 10.0,0
1454428677,Blue,5,Damen,10.0 to 14.5,0
1454429251,Blue,5,Damen,5.5 to 10.0,0
1454429674,Blue,5,Damen,14.5 to 19.0,0
1454430330,Blue,5,Damen,10.0 to 14.5,0
1454430757,Blue,5,Damen,14.5 to 19.0,0
1454430692,Blue,5,Damen,1.0 to 5.5,0
1454431597,Blue,5,Damen,14.5 to 19.0,0
1454431564,Blue,5,Damen,1.0 to 5.5,0
1454432138,Blue,5,Damen,10.0 to 14.5,0
1454432553,Blue,5,Damen,1.0 to 5.5,0
1454433271,Blue,5,Damen,14.5 to 19.0,0
1454433754,Blue,5,Damen,5.5 to 10.0,0
1454434360,Blue,5,Damen,14.5 to 19.0,0
1454434420,Blue,5,Damen,1.0 to 5.5,0
1454435015,Blue,5,Damen,10.0 to 14.5,0
1454435462,Blue,5,Damen,5.5 to 10.0,0
1454504455,Blue,5,Damen,14.5 to 19.0,0
1454504796,Blue,5,Damen,5.5 to 10.0,0
1454505230,Blue,5,Damen,10.0 to 14.5,0
1454505402,Blue,5,Damen,14.5 to 19.0,0
1454505356,Blue,5,Damen,1.0 to 5.5,0
1454505879,Blue,5,Damen,10.0,0
1454506156,Blue,5,Damen,14.5 to 19.0,0
1454506329,Blue,5,Damen,14.5 to 19.0,0
1454506292,Blue,5,Damen,1.0 to 5.5,0
1454506717,Blue,5,Damen,5.5 to 10.0,0
1454506920,Blue,5,Damen,10.0 to 14.5,0
1454507079,Blue,5,Damen,14.5 to 19.0,0
1454507283,Blue,5,Damen,19.0,0
1454507130,Blue,5,Damen,1.0,0
1454507379,Blue,5,Damen,1.0 to 5.5,0
1454507674,Blue,5,Damen,10.0,0
1454507851,Blue,5,Damen,10.0 to 14.5,0
1454508034,Blue,5,Damen,14.5 to 19.0,0
1454508030,Blue,5,Damen,1.0,0
1454508154,Blue,5,Damen,1.0 to 5.5,0
1454508513,Blue,5,Damen,5.5 to 10.0,0
1454508697,Blue,5,Damen,10.0 to 14.5,0
1454508935,Blue,5,Damen,14.5 to 19.0,0
1454509161,Blue,5,Damen,1.0 to 5.5,0
1454509294,Blue,5,Damen,5.5 to 10.0,0
1454509409,Blue,5,Damen,5.5 to 10.0,0
1454509832,Blue,5,Damen,1.0,0
1454509992,Blue,5,Damen,1.0 to 5.5,0
1454510072,Blue,5,Damen,1.0 to 5.5,0
1454510373,Blue,5,Damen,10.0,0
1454510785,Blue,5,Damen,1.0 to 5.5,0
1454510977,Blue,5,Damen,1.0 to 5.5,0
1454511270,Blue,5,Damen,10.0,0
1454511515,Blue,5,Damen,10.0 to 14.5,0
1454511730,Blue,5,Damen,14.5 to 19.0,0
1454511640,Blue,5,Damen,1.0,0
1454511814,Blue,5,Damen,1.0 to 5.5,0
1454512163,Blue,5,Damen,10.0,0
1454512480,Blue,5,Damen,14.5 to 19.0,0
1454512657,Blue,5,Damen,14.5 to 19.0,0
1454512595,Blue,5,Damen,1.0 to 5.5,0
1454513085,Blue,5,Damen,10.0 to 14.5,0
1454513435,Blue,5,Damen,14.5 to 19.0,0
1454513530,Blue,5,Damen,1.0 to 5.5,0
1454514025,Blue,5,Damen,10.0 to 14.5,0
1454514576,Blue,5,Damen,1.0 to 5.5,0
1454514994,Blue,5,Damen,10.0 to 14.5,0
1454515404,Blue,5,Damen,19.0,0
1454515227,Blue,5,Damen,1.0,0
1454515406,Blue,5,Damen,1.0 to 5.5,0
1454516013,Blue,5,Damen,10.0 to 14.5,0
1454516852,Blue,5,Damen,10.0 to 14.5,0
1454517760,Blue,5,Damen,28.0,0
1454517198,Blue,5,Damen,1.0 to 5.5,0
1454517792,Blue,5,Damen,10.0 to 14.5,0
1454518409,Blue,5,Damen,5.5 to 10.0,0
1454518960,Blue,5,Damen,14.5 to 19.0,0
1454519251,Blue,5,Damen,5.5 to 10.0,0
1454519738,Blue,5,Damen,14.5 to 19.0,0
1454519736,Blue,5,Damen,1.0,0
1454520515,Blue,5,Damen,10.0 to 14.5,0
1454520858,Blue,5,Damen,1.0 to 5.5,0
1454521596,Blue,5,Damen,14.5 to 19.0,0
1454521533,Blue,5,Damen,1.0,0
1454522065,Blue,5,Damen,10.0,0
1454590944,Blue,5,Damen,14.5 to 19.0,0
1454590830,Blue,5,Damen,1.0,0
1454591414,Blue,5,Damen,10.0 to 14.5,0
1454591678,Blue,5,Damen,14.5 to 19.0,0
1454591825,Blue,5,Damen,14.5 to 19.0,0
1454591758,Blue,5,Damen,1.0,0
1454592174,Blue,5,Damen,5.5 to 10.0,0
1454592466,Blue,5,Damen,10.0 to 14.5,0
1454592743,Blue,5,Damen,14.5 to 19.0,0
1453726945,Blue,5,California,15.0 to 18.5,0
1453726801,Blue,5,California,1.0,0
1453726957,Blue,5,California,1.0 to 4.5,0
1453727312,Blue,5,California,8.0 to 11.5,0
1453727614,Blue,5,California,11.5 to 15.0,0
1453727832,Blue,5,California,15.0 to 18.5,0
1453727700,Blue,5,California,1.0,0
1453727818,Blue,5,California,1.0 to 4.5,0
1453728236,Blue,5,California,8.0 to 11.5,0
1453728523,Blue,5,California,11.5 to 15.0,0
1453728779,Blue,5,California,15.0 to 18.5,0
1453728566,Blue,5,California,1.0,0
1453728817,Blue,5,California,1.0 to 4.5,0
1453728987,Blue,5,California,4.5 to 8.0,0
1453729176,Blue,5,California,8.0 to 11.5,0
1453729415,Blue,5,California,11.5 to 15.0,0
1453729644,Blue,5,California,15.0 to 18.5,0
1453729550,Blue,5,California,1.0,0
1453729794,Blue,5,California,4.5 to 8.0,0
1453729902,Blue,5,California,4.5 to 8.0,0
1453730027,Blue,5,California,8.0 to 11.5,0
1453730262,Blue,5,California,11.5 to 15.0,0
1453730436,Blue,5,California,15.0 to 18.5,0
1453730519,Blue,5,California,15.0 to 18.5,0
1453730323,Blue,5,California,1.0,0
1453730576,Blue,5,California,1.0 to 4.5,0
1453730689,Blue,5,California,4.5 to 8.0,0
1453730809,Blue,5,California,4.5 to 8.0,0
1453731056,Blue,5,California,8.0 to 11.5,0
1453731236,Blue,5,California,11.5 to 15.0,0
1453731416,Blue,5,California,15.0 to 18.5,0
1453731536,Blue,5,California,18.5 to 22.0,0
1453731415,Blue,5,California,1.0 to 4.5,0
1453731352,Blue,5,California,1.0,0
1453731591,Blue,5,California,4.5 to 8.0,0
1453731712,Blue,5,California,4.5 to 8.0,0
1453731891,Blue,5,California,8.0 to 11.5,0
1453732017,Blue,5,California,11.5 to 15.0,0
1453732307,Blue,5,California,15.0 to 18.5,0
1453732453,Blue,5,California,4.5 to 8.0,0
1453732618,Blue,5,California,4.5 to 8.0,0
1453732778,Blue,5,California,8.0 to 11.5,0
1453733032,Blue,5,California,11.5 to 15.0,0
1453733091,Blue,5,California,15.0,0
1453733156,Blue,5,California,15.0 to 18.5,0
1453733204,Blue,5,California,1.0 to 4.5,0
1453733103,Blue,5,California,1.0,0
1453733311,Blue,5,California,1.0 to 4.5,0
1453733516,Blue,5,California,4.5 to 8.0,0
1453733752,Blue,5,California,8.0 to 11.5,0
1453733893,Blue,5,California,11.5 to 15.0,0
1453734176,Blue,5,California,15.0 to 18.5,0
1453734022,Blue,5,California,1.0,0
1453734182,Blue,5,California,1.0 to 4.5,0
1453734433,Blue,5,California,8.0,0
1453734733,Blue,5,California,11.5 to 15.0,0
1453735056,Blue,5,California,1.0 to 4.5,0
1453735288,Blue,5,California,4.5 to 8.0,0
1453735659,Blue,5,California,11.5 to 15.0,0
1453735846,Blue,5,California,1.0 to 4.5,0
1453736316,Blue,5,California,8.0 to 11.5,0
1453736618,Blue,5,California,11.5 to 15.0,0
1453736917,Blue,5,California,18.5 to 22.0,0
1453736789,Blue,5,California,1.0 to 4.5,0
1453737091,Blue,5,California,4.5 to 8.0,0
1453737497,Blue,5,California,11.5 to 15.0,0
1453737759,Blue,5,California,1.0 to 4.5,0
1453738177,Blue,5,California,8.0 to 11.5,0
1453738719,Blue,5,California,1.0 to 4.5,0
1453739375,Blue,5,California,15.0,0
1453739456,Blue,5,California,1.0 to 4.5,0
1453740194,Blue,5,California,11.5 to 15.0,0
1453740752,Blue,5,California,8.0,0
1453741175,Blue,5,California,15.0,0
1453741259,Blue,5,California,1.0,0
1453741975,Blue,5,California,11.5 to 15.0,0
1453742203,Blue,5,California,15.0 to 18.5,0
1453742138,Blue,5,California,1.0,0
1453742256,Blue,5,California,1.0 to 4.5,0
1453742972,Blue,5,California,15.0,0
1453743149,Blue,5,California,1.0 to 4.5,0
1453743807,Blue,5,California,11.5 to 15.0,0
1453744112,Blue,5,California,18.5 to 22.0,0
1453743978,Blue,5,California,1.0 to 4.5,0
1453744197,Blue,5,California,4.5 to 8.0,0
1453744786,Blue,5,California,15.0,0
1453813309,Blue,5,California,15.0 to 18.5,0
1453813396,Blue,5,California,1.0 to 4.5,0
1453813715,Blue,5,California,8.0 to 11.5,0
1453814020,Blue,5,California,11.5 to 15.0,0
1453814160,Blue,5,California,15.0 to 18.5,0
1453814127,Blue,5,California,1.0,0
1453814257,Blue,5,California,1.0 to 4.5,0
1453814610,Blue,5,California,8.0 to 11.5,0
1453814842,Blue,5,California,11.5 to 15.0,0
1453815100,Blue,5,California,15.0 to 18.5,0
1453815215,Blue,5,California,1.0 to 4.5,0
1453815371,Blue,5,California,4.5 to 8.0,0
1453815636,Blue,5,California,8.0 to 11.5,0
1453815758,Blue,5,California,11.5 to 15.0,0
1453816053,Blue,5,California,15.0 to 18.5,0
1453815949,Blue,5,California,1.0,0
1453816077,Blue,5,California,1.0 to 4.5,0
1453816246,Blue,5,California,4.5 to 8.0,0
1453816315,Blue,5,California,4.5 to 8.0,0
1453816551,Blue,5,California,8.0 to 11.5,0
1453816757,Blue,5,California,15.0,0
1453816965,Blue,5,California,15.0 to 18.5,0
1453816810,Blue,5,California,1.0,0
1453816998,Blue,5,California,1.0 to 4.5,0
1453817190,Blue,5,California,4.5 to 8.0,0
1453817377,Blue,5,California,8.0 to 11.5,0
1453817539,Blue,5,California,11.5 to 15.0,0
1453817735,Blue,5,California,15.0 to 18.5,0
1453817849,Blue,5,California,15.0 to 18.5,0
1453817731,Blue,5,California,1.0,0
1453817882,Blue,5,California,1.0 to 4.5,0
1453817969,Blue,5,California,4.5 to 8.0,0
1453818099,Blue,5,California,4.5 to 8.0,0
1453818159,Blue,5,California,8.0,0
1453818363,Blue,5,California,11.5 to 15.0,0
1453818549,Blue,5,California,15.0,0
1453818753,Blue,5,California,1.0 to 4.5,0
1453819344,Blue,5,California,11.5 to 15.0,0
1453819479,Blue,5,California,15.0,0
1453819540,Blue,5,California,15.0 to 18.5,0
1453819652,Blue,5,California,15.0 to 18.5,0
1453819713,Blue,5,California,18.5 to 22.0,0
1453819599,Blue,5,California,1.0 to 4.5,0
1453819739,Blue,5,California,4.5 to 8.0,0
1453819796,Blue,5,California,4.5 to 8.0,0
1453819903,Blue,5,California,8.0,0
1453820075,Blue,5,California,8.0 to 11.5,0
1453820539,Blue,5,California,15.0 to 18.5,0
1453820493,Blue,5,California,1.0 to 4.5,0
1453820592,Blue,5,California,1.0 to 4.5,0
1453820826,Blue,5,California,8.0,0
1453821039,Blue,5,California,8.0 to 11.5,0
1453821156,Blue,5,California,11.5 to 15.0,0
1453821336,Blue,5,California,1.0,0
1453821621,Blue,5,California,4.5 to 8.0,0
1453822057,Blue,5,California,11.5 to 15.0,0
1453822348,Blue,5,California,15.0 to 18.5,0
1453822470,Blue,5,California,4.5 to 8.0,0
1453823001,Blue,5,California,11.5 to 15.0,0
1453823277,Blue,5,California,18.5 to 22.0,0
1453823254,Blue,5,California,1.0 to 4.5,0
1453823349,Blue,5,California,4.5 to 8.0,0
1453823975,Blue,5,California,15.0,0
1453824212,Blue,5,California,1.0 to 4.5,0
1453824412,Blue,5,California,4.5 to 8.0,0
1453825137,Blue,5,California,18.5 to 22.0,0
1453825172,Blue,5,California,4.5 to 8.0,0
1453825719,Blue,5,California,11.5 to 15.0,0
1453825876,Blue,5,California,1.0 to 4.5,0
1453826701,Blue,5,California,15.0 to 18.5,0
1453826854,Blue,5,California,1.0 to 4.5,0
1453827085,Blue,5,California,4.5 to 8.0,0
1453827636,Blue,5,California,15.0 to 18.5,0
1453827779,Blue,5,California,1.0 to 4.5,0
1453828176,Blue,5,California,8.0 to 11.5,0
1453828707,Blue,5,California,18.5 to 22.0,0
1453828917,Blue,5,California,4.5 to 8.0,0
1453829400,Blue,5,California,15.0,0
1453829471,Blue,5,California,1.0 to 4.5,0
1453830029,Blue,5,California,8.0 to 11.5,0
1453830757,Blue,5,California,8.0,0
1453899747,Blue,5,California,15.0 to 18.5,0
1453899794,Blue,5,California,1.0 to 4.5,0
1453900237,Blue,5,California,8.0 to 11.5,0
1453900416,Blue,5,California,11.5 to 15.0,0
1453900654,Blue,5,California,15.0 to 18.5,0
1453900777,Blue,5,California,4.5 to 8.0,0
1453901011,Blue,5,California,8.0 to 11.5,0
1453901306,Blue,5,California,11.5 to 15.0,0
1453901442,Blue,5,California,15.0 to 18.5,0
1453901601,Blue,5,California,1.0 to 4.5,0
1453901877,Blue,5,California,8.0 to 11.5,0
1453902032,Blue,5,California,8.0 to 11.5,0
1453902218,Blue,5,California,11.5 to 15.0,0
1453902439,Blue,5,California,15.0 to 18.5,0
1453902459,Blue,5,California,1.0 to 4.5,0
1453902633,Blue,5,California,4.5 to 8.0,0
1453902757,Blue,5,California,8.0,0
1453902935,Blue,5,California,8.0 to 11.5,0
1453903116,Blue,5,California,11.5 to 15.0,0
1453903358,Blue,5,California,15.0 to 18.5,0
1453903239,Blue,5,California,1.0,0
1453903379,Blue,5,California,1.0 to 4.5,0
1453903669,Blue,5,California,8.0,0
1453903791,Blue,5,California,8.0 to 11.5,0
1453903956,Blue,5,California,11.5 to 15.0,0
1453904098,Blue,5,California,15.0,0
1453904151,Blue,5,California,1.0,0
1453904458,Blue,5,California,4.5 to 8.0,0
1453904631,Blue,5,California,8.0 to 11.5,0
1453904749,Blue,5,California,8.0 to 11.5,0
1453904978,Blue,5,California,15.0,0
1453905229,Blue,5,California,18.5 to 22.0,0
1453905286,Blue,5,California,4.5 to 8.0,0
1453905478,Blue,5,California,8.0,0
1453905631,Blue,5,California,8.0 to 11.5,0
1453905822,Blue,5,California,11.5 to 15.0,0
1453905948,Blue,5,California,15.0 to 18.5,0
1453906073,Blue,5,California,15.0 to 18.5,0
1453905905,Blue,5,California,1.0,0
1453905977,Blue,5,California,1.0 to 4.5,0
1453906060,Blue,5,California,1.0 to 4.5,0
1453906233,Blue,5,California,4.5 to 8.0,0
1453906472,Blue,5,California,8.0 to 11.5,0
1453906887,Blue,5,California,15.0 to 18.5,0
1453906959,Blue,5,California,1.0 to 4.5,0
1453907077,Blue,5,California,4.5 to 8.0,0
1453907231,Blue,5,California,8.0,0
1453907491,Blue,5,California,11.5 to 15.0,0
1453907739,Blue,5,California,1.0,0
1453907972,Blue,5,California,4.5 to 8.0,0
1453908396,Blue,5,California,11.5 to 15.0,0
1453908986,Blue,5,California,4.5 to 8.0,0
1453909474,Blue,5,California,15.0,0
1453909599,Blue,5,California,1.0 to 4.5,0
1453910064,Blue,5,California,8.0 to 11.5,0
1453910315,Blue,5,California,11.5 to 15.0,0
1453910496,Blue,5,California,1.0 to 4.5,0
1453910969,Blue,5,California,8.0 to 11.5,0
1453911509,Blue,5,California,18.5 to 22.0,0
1453911637,Blue,5,California,4.5 to 8.0,0
1453912175,Blue,5,California,15.0,0
1453912291,Blue,5,California,1.0 to 4.5,0
1453912994,Blue,5,California,11.5 to 15.0,0
1453913105,Blue,5,California,1.0,0
1453913436,Blue,5,California,4.5 to 8.0,0
1453914034,Blue,5,California,15.0 to 18.5,0
1453914418,Blue,5,California,4.5 to 8.0,0
1453914713,Blue,5,California,11.5 to 15.0,0
1453915298,Blue,5,California,4.5 to 8.0,0
1453915882,Blue,5,California,15.0 to 18.5,0
1453915879,Blue,5,California,1.0 to 4.5,0
1453916305,Blue,5,California,8.0 to 11.5,0
1453916997,Blue,5,California,4.5 to 8.0,0
1453917594,Blue,5,California,15.0,0
1453986054,Blue,5,California,15.0 to 18.5,0
1453986158,Blue,5,California,1.0 to 4.5,0
1453986514,Blue,5,California,8.0 to 11.5,0
1453986690,Blue,5,California,11.5 to 15.0,0
1453986939,Blue,5,California,15.0 to 18.5,0
1453987054,Blue,5,California,1.0 to 4.5,0
1453987412,Blue,5,California,8.0 to 11.5,0
1453987634,Blue,5,California,11.5 to 15.0,0
1453987833,Blue,5,California,15.0 to 18.5,0
1453987851,Blue,5,California,1.0,0
1453988178,Blue,5,California,4.5 to 8.0,0
1453988392,Blue,5,California,8.0 to 11.5,0
1453988559,Blue,5,California,11.5 to 15.0,0
1453988658,Blue,5,California,15.0,0
1453988938,Blue,5,California,18.5 to 22.0,0
1453988754,Blue,5,California,1.0,0
1453988933,Blue,5,California,1.0 to 4.5,0
1453989165,Blue,5,California,8.0,0
1453989357,Blue,5,California,8.0 to 11.5,0
1453989579,Blue,5,California,15.0,0
1453989713,Blue,5,California,15.0 to 18.5,0
1453989630,Blue,5,California,1.0,0
1453989780,Blue,5,California,1.0 to 4.5,0
1453990000,Blue,5,California,4.5 to 8.0,0
1453990316,Blue,5,California,11.5 to 15.0,0
1453990379,Blue,5,California,11.5 to 15.0,0
1453990486,Blue,5,California,15.0,0
1453990663,Blue,5,California,15.0 to 18.5,0
1453990797,Blue,5,California,18.5 to 22.0,0
1453990580,Blue,5,California,1.0 to 4.5,0
1453990507,Blue,5,California,1.0,0
1453990711,Blue,5,California,1.0 to 4.5,0
1453990830,Blue,5,California,4.5 to 8.0,0
1453990959,Blue,5,California,8.0,0
1453991118,Blue,5,California,8.0 to 11.5,0
1453991198,Blue,5,California,11.5 to 15.0,0
1453991346,Blue,5,California,15.0,0
1453991551,Blue,5,California,15.0 to 18.5,0
1453991439,Blue,5,California,1.0,0
1453991665,Blue,5,California,4.5 to 8.0,0
1453991909,Blue,5,California,8.0 to 11.5,0
1453992120,Blue,5,California,11.5 to 15.0,0
1453992289,Blue,5,California,15.0,0
1453992393,Blue,5,California,1.0 to 4.5,0
1453992695,Blue,5,California,4.5 to 8.0,0
1453993116,Blue,5,California,11.5 to 15.0,0
1453993215,Blue,5,California,1.0,0
1453993390,Blue,5,California,1.0 to 4.5,0
1453993712,Blue,5,California,8.0 to 11.5,0
1453994131,Blue,5,California,1.0,0
1453994678,Blue,5,California,8.0 to 11.5,0
1453994832,Blue,5,California,11.5 to 15.0,0
1453995007,Blue,5,California,1.0,0
1453995093,Blue,5,California,1.0 to 4.5,0
1453995397,Blue,5,California,8.0,0
1453995869,Blue,5,California,15.0,0
1453996115,Blue,5,California,1.0 to 4.5,0
1453996154,Blue,5,California,4.5 to 8.0,0
1453996795,Blue,5,California,15.0,0
1453996900,Blue,5,California,1.0 to 4.5,0
1453997437,Blue,5,California,8.0 to 11.5,0
1453998047,Blue,5,California,4.5 to 8.0,0
1453998574,Blue,5,California,15.0,0
1453998704,Blue,5,California,1.0 to 4.5,0
1453999014,Blue,5,California,4.5 to 8.0,0
1453999250,Blue,5,California,8.0 to 11.5,0
1453999713,Blue,5,California,1.0 to 4.5,0
1454000428,Blue,5,California,15.0 to 18.5,0
1454000472,Blue,5,California,1.0 to 4.5,0
1454001125,Blue,5,California,11.5 to 15.0,0
1454001476,Blue,5,California,18.5 to 22.0,0
1454001532,Blue,5,California,1.0 to 4.5,0
1454002175,Blue,5,California,15.0,0
1454002894,Blue,5,California,11.5 to 15.0,0
1454003321,Blue,5,California,18.5 to 22.0,0
1454003457,Blue,5,California,4.5 to 8.0,0
1454003979,Blue,5,California,15.0,0
1454072511,Blue,5,California,15.0 to 18.5,0
1454072554,Blue,5,California,1.0 to 4.5,0
1454073031,Blue,5,California,8.0 to 11.5,0
1454073214,Blue,5,California,11.5 to 15.0,0
1454073381,Blue,5,California,15.0 to 18.5,0
1454073373,Blue,5,California,1.0 to 4.5,0
1454073818,Blue,5,California,8.0 to 11.5,0
1454074118,Blue,5,California,11.5 to 15.0,0
1454074299,Blue,5,California,15.0 to 18.5,0
1454074308,Blue,5,California,1.0 to 4.5,0
1454074734,Blue,5,California,8.0 to 11.5,0
1454074920,Blue,5,California,11.5 to 15.0,0
1454075022,Blue,5,California,11.5 to 15.0,0
1454075232,Blue,5,California,15.0 to 18.5,0
1454075237,Blue,5,California,1.0 to 4.5,0
1454075397,Blue,5,California,4.5 to 8.0,0
1454075548,Blue,5,California,8.0,0
1454075752,Blue,5,California,8.0 to 11.5,0
1454075929,Blue,5,California,11.5 to 15.0,0
1454076059,Blue,5,California,15.0 to 18.5,0
1454076129,Blue,5,California,1.0 to 4.5,0
1454076427,Blue,5,California,8.0,0
1454076636,Blue,5,California,8.0 to 11.5,0
1454076686,Blue,5,California,11.5 to 15.0,0
1454076930,Blue,5,California,15.0 to 18.5,0
1454076995,Blue,5,California,15.0 to 18.5,0
1454077113,Blue,5,California,18.5 to 22.0,0
1454076990,Blue,5,California,1.0 to 4.5,0
1454077110,Blue,5,California,1.0 to 4.5,0
1454077204,Blue,5,California,4.5 to 8.0,0
1454077298,Blue,5,California,4.5 to 8.0,0
1454077414,Blue,5,California,8.0 to 11.5,0
1454077644,Blue,5,California,11.5 to 15.0,0
1454077837,Blue,5,California,15.0 to 18.5,0
1454078009,Blue,5,California,18.5 to 22.0,0
1454077856,Blue,5,California,1.0,0
1454077972,Blue,5,California,1.0 to 4.5,0
1454078267,Blue,5,California,8.0,0
1454078561,Blue,5,California,11.5 to 15.0,0
1454078696,Blue,5,California,15.0,0
1454078779,Blue,5,California,1.0 to 4.5,0
1454078969,Blue,5,California,4.5 to 8.0,0
1454079256,Blue,5,California,8.0 to 11.5,0
1454079690,Blue,5,California,1.0 to 4.5,0
1454080116,Blue,5,California,8.0 to 11.5,0
1454080234,Blue,5,California,8.0 to 11.5,0
1454080531,Blue,5,California,1.0,0
1454080893,Blue,5,California,4.5 to 8.0,0
1454081349,Blue,5,California,15.0,0
1454081755,Blue,5,California,4.5 to 8.0,0
1454082275,Blue,5,California,15.0,0
1454082417,Blue,5,California,1.0 to 4.5,0
1454082719,Blue,5,California,4.5 to 8.0,0
1454083225,Blue,5,California,15.0 to 18.5,0
1454083374,Blue,5,California,1.0 to 4.5,0
1454083834,Blue,5,California,8.0 to 11.5,0
1454084432,Blue,5,California,4.5 to 8.0,0
1454084978,Blue,5,California,15.0,0
1454085083,Blue,5,California,1.0 to 4.5,0
1454085755,Blue,5,California,11.5 to 15.0,0
1454086300,Blue,5,California,4.5 to 8.0,0
1454086982,Blue,5,California,18.5 to 22.0,0
1454087073,Blue,5,California,4.5 to 8.0,0
1454087679,Blue,5,California,15.0,0
1454087733,Blue,5,California,1.0,0
1454088133,Blue,5,California,8.0,0
1454088457,Blue,5,California,11.5 to 15.0,0
1454089011,Blue,5,California,4.5 to 8.0,0
1454089734,Blue,5,California,18.5 to 22.0,0
1454089835,Blue,5,California,4.5 to 8.0,0
1454090321,Blue,5,California,11.5 to 15.0,0
1454159229,Blue,5,California,8.0 to 11.5,0
1454159899,Blue,5,California,18.5 to 22.0,0
1454159853,Blue,5,California,1.0 to 4.5,0
1454160391,Blue,5,California,11.5 to 15.0,0
1454160870,Blue,5,California,18.5 to 22.0,0
1454160811,Blue,5,California,1.0 to 4.5,0
1454161296,Blue,5,California,11.5 to 15.0,0
1454161337,Blue,5,California,1.0,0
1454161779,Blue,5,California,4.5 to 8.0,0
1454162196,Blue,5,California,11.5 to 15.0,0
1454162584,Blue,5,California,1.0 to 4.5,0
1454163145,Blue,5,California,11.5 to 15.0,0
1454163573,Blue,5,California,4.5 to 8.0,0
1454163943,Blue,5,California,11.5 to 15.0,0
1454164268,Blue,5,California,15.0 to 18.5,0
1454164276,Blue,5,California,1.0 to 4.5,0
1454164716,Blue,5,California,8.0 to 11.5,0
1454165032,Blue,5,California,15.0,0
1454165415,Blue,5,California,4.5 to 8.0,0
1454165768,Blue,5,California,11.5 to 15.0,0
1454166153,Blue,5,California,15.0 to 18.5,0
1454166085,Blue,5,California,1.0 to 4.5,0
1454166434,Blue,5,California,8.0,0
1454166877,Blue,5,California,15.0,0
1454166935,Blue,5,California,1.0,0
1454167221,Blue,5,California,4.5 to 8.0,0
1454167651,Blue,5,California,11.5 to 15.0,0
1454167895,Blue,5,California,15.0 to 18.5,0
1454167860,Blue,5,California,1.0 to 4.5,0
1454168313,Blue,5,California,8.0 to 11.5,0
1454168760,Blue,5,California,15.0 to 18.5,0
1454168796,Blue,5,California,1.0 to 4.5,0
1454169098,Blue,5,California,4.5 to 8.0,0
1454169379,Blue,5,California,11.5 to 15.0,0
1454169758,Blue,5,California,15.0 to 18.5,0
1454169775,Blue,5,California,1.0 to 4.5,0
1454170054,Blue,5,California,8.0,0
1454170480,Blue,5,California,15.0,0
1454170508,Blue,5,California,1.0,0
1454170897,Blue,5,California,4.5 to 8.0,0
1454171318,Blue,5,California,11.5 to 15.0,0
1454171549,Blue,5,California,15.0 to 18.5,0
1454171615,Blue,5,California,1.0 to 4.5,0
1454171959,Blue,5,California,8.0 to 11.5,0
1454172253,Blue,5,California,15.0,0
1454172692,Blue,5,California,4.5 to 8.0,0
1454172978,Blue,5,California,11.5 to 15.0,0
1454173351,Blue,5,California,15.0 to 18.5,0
1454173358,Blue,5,California,1.0 to 4.5,0
1454173659,Blue,5,California,8.0,0
1454174009,Blue,5,California,11.5 to 15.0,0
1454174398,Blue,5,California,4.5 to 8.0,0
1454174784,Blue,5,California,11.5 to 15.0,0
1454175169,Blue,5,California,15.0 to 18.5,0
1454175208,Blue,5,California,1.0 to 4.5,0
1454175447,Blue,5,California,8.0,0
1454175863,Blue,5,California,15.0,0
1454176333,Blue,5,California,8.0,0
1454176639,Blue,5,California,11.5 to 15.0,0
1454245414,Blue,5,California,18.5 to 22.0,0
1454245519,Blue,5,California,4.5 to 8.0,0
1454246319,Blue,5,California,18.5 to 22.0,0
1454246258,Blue,5,California,1.0 to 4.5,0
1454246778,Blue,5,California,11.5 to 15.0,0
1454247517,Blue,5,California,8.0 to 11.5,0
1454248302,Blue,5,California,22.0,0
1454248171,Blue,5,California,4.5 to 8.0,0
1454248886,Blue,5,California,15.0 to 18.5,0
1454248837,Blue,5,California,1.0,0
1454249608,Blue,5,California,11.5 to 15.0,0
1454249712,Blue,5,California,1.0,0
1454250497,Blue,5,California,11.5 to 15.0,0
1454250991,Blue,5,California,4.5 to 8.0,0
1454251653,Blue,5,California,15.0 to 18.5,0
1454251596,Blue,5,California,1.0 to 4.5,0
1454252076,Blue,5,California,8.0 to 11.5,0
1454252840,Blue,5,California,8.0,0
1454253468,Blue,5,California,15.0 to 18.5,0
1454253637,Blue,5,California,4.5 to 8.0,0
1454254058,Blue,5,California,11.5 to 15.0,0
1454254598,Blue,5,California,4.5 to 8.0,0
1454255011,Blue,5,California,11.5 to 15.0,0
1454255311,Blue,5,California,18.5 to 22.0,0
1454255359,Blue,5,California,4.5 to 8.0,0
1454255848,Blue,5,California,11.5 to 15.0,0
1454256275,Blue,5,California,4.5 to 8.0,0
1454256696,Blue,5,California,11.5 to 15.0,0
1454257116,Blue,5,California,18.5 to 22.0,0
1454257111,Blue,5,California,1.0 to 4.5,0
1454257596,Blue,5,California,11.5 to 15.0,0
1454258071,Blue,5,California,4.5 to 8.0,0
1454258488,Blue,5,California,11.5 to 15.0,0
1454258911,Blue,5,California,18.5 to 22.0,0
1454258895,Blue,5,California,1.0 to 4.5,0
1454259337,Blue,5,California,8.0 to 11.5,0
1454259817,Blue,5,California,18.5 to 22.0,0
1454259786,Blue,5,California,1.0 to 4.5,0
1454260271,Blue,5,California,11.5 to 15.0,0
1454260718,Blue,5,California,18.5 to 22.0,0
1454260773,Blue,5,California,4.5 to 8.0,0
1454261254,Blue,5,California,11.5 to 15.0,0
1454261429,Blue,5,California,15.0 to 18.5,0
1454261487,Blue,5,California,1.0 to 4.5,0
1454261915,Blue,5,California,8.0 to 11.5,0
1454262212,Blue,5,California,11.5 to 15.0,0
1454262308,Blue,5,California,1.0,0
1454262577,Blue,5,California,4.5 to 8.0,0
1454263027,Blue,5,California,11.5 to 15.0,0
1454331806,Blue,5,California,18.5 to 22.0,0
1454331777,Blue,5,California,1.0 to 4.5,0
1454332131,Blue,5,California,8.0 to 11.5,0
1454332439,Blue,5,California,11.5 to 15.0,0
1454332739,Blue,5,California,18.5 to 22.0,0
1454332702,Blue,5,California,1.0 to 4.5,0
1454332957,Blue,5,California,8.0,0
1454333256,Blue,5,California,11.5 to 15.0,0
1454333453,Blue,5,California,15.0 to 18.5,0
1454333505,Blue,5,California,1.0 to 4.5,0
1454333809,Blue,5,California,4.5 to 8.0,0
1454333935,Blue,5,California,8.0 to 11.5,0
1454334236,Blue,5,California,11.5 to 15.0,0
1454334402,Blue,5,California,15.0 to 18.5,0
1454334579,Blue,5,California,4.5 to 8.0,0
1454334749,Blue,5,California,8.0,0
1454334879,Blue,5,California,8.0 to 11.5,0
1454335058,Blue,5,California,11.5 to 15.0,0
1454335292,Blue,5,California,1.0 to 4.5,0
1454335754,Blue,5,California,11.5 to 15.0,0
1454335728,Blue,5,California,11.5 to 15.0,0
1454335913,Blue,5,California,11.5 to 15.0,0
1454336054,Blue,5,California,15.0,0
1454336195,Blue,5,California,15.0 to 18.5,0
1454336144,Blue,5,California,18.5 to 22.0,0
1454336266,Blue,5,California,18.5 to 22.0,0
1454336191,Blue,5,California,1.0 to 4.5,0
1454336255,Blue,5,California,1.0 to 4.5,0
1454336377,Blue,5,California,4.5 to 8.0,0
1454336478,Blue,5,California,4.5 to 8.0,0
1454336551,Blue,5,California,8.0,0
1454336619,Blue,5,California,8.0 to 11.5,0
1454336731,Blue,5,California,8.0 to 11.5,0
1454336882,Blue,5,California,11.5 to 15.0,0
1454336965,Blue,5,California,15.0,0
1454337152,Blue,5,California,15.0 to 18.5,0
1454337027,Blue,5,California,1.0 to 4.5,0
1454337239,Blue,5,California,4.5 to 8.0,0
1454337449,Blue,5,California,8.0 to 11.5,0
1454337628,Blue,5,California,11.5 to 15.0,0
1454337784,Blue,5,California,15.0,0
1454338059,Blue,5,California,18.5 to 22.0,0
1454338025,Blue,5,California,1.0 to 4.5,0
1454338537,Blue,5,California,8.0 to 11.5,0
1454338776,Blue,5,California,15.0,0
1454338980,Blue,5,California,18.5 to 22.0,0
1454338886,Blue,5,California,1.0 to 4.5,0
1454339087,Blue,5,California,4.5 to 8.0,0
1454339397,Blue,5,California,8.0 to 11.5,0
1454339747,Blue,5,California,15.0 to 18.5,0
1454339891,Blue,5,California,1.0 to 4.5,0
1454340156,Blue,5,California,8.0,0
1454340518,Blue,5,California,11.5 to 15.0,0
1454340758,Blue,5,California,15.0 to 18.5,0
1454340685,Blue,5,California,1.0 to 4.5,0
1454340642,Blue,5,California,1.0,0
1454341368,Blue,5,California,11.5 to 15.0,0
1454341598,Blue,5,California,15.0 to 18.5,0
1454341593,Blue,5,California,1.0 to 4.5,0
1454341771,Blue,5,California,4.5 to 8.0,0
1454342251,Blue,5,California,11.5 to 15.0,0
1454342466,Blue,5,California,1.0 to 4.5,0
1454342903,Blue,5,California,8.0 to 11.5,0
1454343504,Blue,5,California,18.5 to 22.0,0
1454343596,Blue,5,California,4.5 to 8.0,0
1454344018,Blue,5,California,11.5 to 15.0,0
1454344896,Blue,5,California,11.5 to 15.0,0
1454345198,Blue,5,California,15.0 to 18.5,0
1454345130,Blue,5,California,1.0,0
1454345256,Blue,5,California,1.0 to 4.5,0
1454345909,Blue,5,California,11.5 to 15.0,0
1454346083,Blue,5,California,1.0 to 4.5,0
1454346878,Blue,5,California,15.0,0
1454347050,Blue,5,California,1.0 to 4.5,0
1454347351,Blue,5,California,8.0,0
1454347760,Blue,5,California,15.0,0
1454347880,Blue,5,California,1.0 to 4.5,0
1454348373,Blue,5,California,11.5 to 15.0,0
1454349372,Blue,5,California,11.5 to 15.0,0
1454418145,Blue,5,California,15.0 to 18.5,0
1454418217,Blue,5,California,1.0 to 4.5,0
1454418691,Blue,5,California,11.5 to 15.0,0
1454418811,Blue,5,California,11.5 to 15.0,0
1454419016,Blue,5,California,15.0 to 18.5,0
1454418994,Blue,5,California,1.0 to 4.5,0
1454419500,Blue,5,California,8.0 to 11.5,0
1454419715,Blue,5,California,11.5 to 15.0,0
1454419997,Blue,5,California,18.5 to 22.0,0
1454419978,Blue,5,California,1.0 to 4.5,0
1454420337,Blue,5,California,8.0 to 11.5,0
1454420577,Blue,5,California,11.5 to 15.0,0
1454420682,Blue,5,California,15.0,0
1454420870,Blue,5,California,15.0 to 18.5,0
1454420754,Blue,5,California,1.0,0
1454420874,Blue,5,California,1.0 to 4.5,0
1454420968,Blue,5,California,4.5 to 8.0,0
1454421173,Blue,5,California,8.0,0
1454421474,Blue,5,California,11.5 to 15.0,0
1454421599,Blue,5,California,15.0,0
1454421825,Blue,5,California,18.5 to 22.0,0
1454421929,Blue,5,California,4.5 to 8.0,0
1454422059,Blue,5,California,8.0,0
1454422237,Blue,5,California,8.0 to 11.5,0
1454422358,Blue,5,California,11.5 to 15.0,0
1454422525,Blue,5,California,15.0 to 18.5,0
1454422594,Blue,5,California,15.0 to 18.5,0
1454422535,Blue,5,California,1.0,0
1454422894,Blue,5,California,4.5 to 8.0,0
1454423069,Blue,5,California,8.0 to 11.5,0
1454423256,Blue,5,California,11.5 to 15.0,0
1454423378,Blue,5,California,15.0,0
1454423552,Blue,5,California,15.0 to 18.5,0
1454423496,Blue,5,California,1.0 to 4.5,0
1454423734,Blue,5,California,4.5 to 8.0,0
1454423916,Blue,5,California,8.0 to 11.5,0
1454424098,Blue,5,California,11.5 to 15.0,0
1454424329,Blue,5,California,15.0 to 18.5,0
1454424380,Blue,5,California,1.0 to 4.5,0
1454424752,Blue,5,California,8.0,0
1454424997,Blue,5,California,11.5 to 15.0,0
1454425298,Blue,5,California,1.0 to 4.5,0
1454425536,Blue,5,California,4.5 to 8.0,0
1454425956,Blue,5,California,11.5 to 15.0,0
1454426425,Blue,5,California,4.5 to 8.0,0
1454426885,Blue,5,California,11.5 to 15.0,0
1454427031,Blue,5,California,1.0,0
1454427305,Blue,5,California,4.5 to 8.0,0
1454427987,Blue,5,California,15.0 to 18.5,0
1454428015,Blue,5,California,1.0 to 4.5,0
1454428377,Blue,5,California,8.0,0
1454428794,Blue,5,California,15.0,0
1454429011,Blue,5,California,1.0 to 4.5,0
1454429374,Blue,5,California,8.0 to 11.5,0
1454429912,Blue,5,California,18.5 to 22.0,0
1454430090,Blue,5,California,4.5 to 8.0,0
1454430457,Blue,5,California,11.5 to 15.0,0
1454431357,Blue,5,California,11.5 to 15.0,0
1454431721,Blue,5,California,18.5 to 22.0,0
1454431838,Blue,5,California,4.5 to 8.0,0
1454432478,Blue,5,California,15.0 to 18.5,0
1454432971,Blue,5,California,8.0 to 11.5,0
1454433515,Blue,5,California,18.5 to 22.0,0
1454433454,Blue,5,California,1.0 to 4.5,0
1454434146,Blue,5,California,15.0,0
1454434715,Blue,5,California,8.0 to 11.5,0
1454435250,Blue,5,California,15.0 to 18.5,0
1454435222,Blue,5,California,1.0 to 4.5,0
1454435915,Blue,5,California,11.5 to 15.0,0
1454504570,Blue,5,California,15.0 to 18.5,0
1454504496,Blue,5,California,1.0 to 4.5,0
1454504990,Blue,5,California,8.0 to 11.5,0
1454505162,Blue,5,California,11.5 to 15.0,0
1454505530,Blue,5,California,18.5 to 22.0,0
1454505579,Blue,5,California,4.5 to 8.0,0
1454505916,Blue,5,California,8.0 to 11.5,0
1454506089,Blue,5,California,11.5 to 15.0,0
1454506420,Blue,5,California,18.5 to 22.0,0
1454506477,Blue,5,California,4.5 to 8.0,0
1454506680,Blue,5,California,8.0 to 11.5,0
1454506779,Blue,5,California,8.0 to 11.5,0
1454506983,Blue,5,California,11.5 to 15.0,0
1454507242,Blue,5,California,15.0 to 18.5,0
1454507139,Blue,5,California,1.0,0
1454507434,Blue,5,California,4.5 to 8.0,0
1454507551,Blue,5,California,8.0,0
1454507794,Blue,5,California,11.5 to 15.0,0
1454507968,Blue,5,California,15.0,0
1454508273,Blue,5,California,4.5 to 8.0,0
1454508457,Blue,5,California,8.0,0
1454508635,Blue,5,California,8.0 to 11.5,0
1454508867,Blue,5,California,15.0,0
1454509085,Blue,5,California,18.5 to 22.0,0
1454508921,Blue,5,California,1.0,0
1454509054,Blue,5,California,1.0 to 4.5,0
1454509169,Blue,5,California,4.5 to 8.0,0
1454509511,Blue,5,California,8.0 to 11.5,0
1454509624,Blue,5,California,11.5 to 15.0,0
1454509720,Blue,5,California,11.5 to 15.0,0
1454509946,Blue,5,California,15.0 to 18.5,0
1454509832,Blue,5,California,1.0,0
1454510073,Blue,5,California,4.5 to 8.0,0
1454510257,Blue,5,California,8.0,0
1454510397,Blue,5,California,8.0 to 11.5,0
1454510611,Blue,5,California,11.5 to 15.0,0
1454510844,Blue,5,California,15.0 to 18.5,0
1454510737,Blue,5,California,1.0,0
1454510970,Blue,5,California,4.5 to 8.0,0
1454511275,Blue,5,California,8.0 to 11.5,0
1454511490,Blue,5,California,11.5 to 15.0,0
1454511923,Blue,5,California,4.5 to 8.0,0
1454512240,Blue,5,California,8.0 to 11.5,0
1454512357,Blue,5,California,11.5 to 15.0,0
1454512845,Blue,5,California,4.5 to 8.0,0
1454513195,Blue,5,California,11.5 to 15.0,0
1454513785,Blue,5,California,4.5 to 8.0,0
1454514316,Blue,5,California,15.0 to 18.5,0
1454514336,Blue,5,California,1.0,0
1454514694,Blue,5,California,4.5 to 8.0,0
1454515164,Blue,5,California,15.0,0
1454515713,Blue,5,California,8.0 to 11.5,0
1454516321,Blue,5,California,18.5 to 22.0,0
1454516612,Blue,5,California,8.0 to 11.5,0
1454517015,Blue,5,California,15.0 to 18.5,0
1454517492,Blue,5,California,8.0 to 11.5,0
1454518122,Blue,5,California,18.5 to 22.0,0
1454518169,Blue,5,California,4.5 to 8.0,0
1454518950,Blue,5,California,15.0 to 18.5,0
1454519011,Blue,5,California,1.0 to 4.5,0
1454519498,Blue,5,California,11.5 to 15.0,0
1454520215,Blue,5,California,8.0 to 11.5,0
1454520632,Blue,5,California,15.0 to 18.5,0
1454520618,Blue,5,California,1.0,0
1454521296,Blue,5,California,11.5 to 15.0,0
1454521765,Blue,5,California,4.5 to 8.0,0
1454591174,Blue,5,California,4.5 to 8.0,0
1454591378,Blue,5,California,8.0 to 11.5,0
1454591585,Blue,5,California,11.5 to 15.0,0
1454591934,Blue,5,California,1.0 to 4.5,0
1454592226,Blue,5,California,8.0 to 11.5,0
1454592443,Blue,5,California,11.5 to 15.0,0
1454592773,Blue,5,California,15.0 to 18.5,0
